machine,rank,crop_id,product,crops_needed,product_price,days,extra_gold_per_machine_day
keg,1,coffee-bean,Coffee,5,150,0.08,1000
keg,2,starfruit,Wine,1,3150,6.25,384
keg,3,ancient-fruit,Wine,1,2310,6.25,282
keg,4,hops,Pale Ale,1,420,1.41,281
keg,5,wheat,Beer,1,280,1.09,233
keg,6,pumpkin,Juice,1,1008,3.75,183
keg,7,pineapple,Wine,1,1260,6.25,154
keg,8,red-cabbage,Juice,1,819,3.75,149
keg,9,melon,Wine,1,1050,6.25,128
keg,10,rhubarb,Wine,1,924,6.25,113
keg,11,cauliflower,Juice,1,550,3.75,100
keg,12,artichoke,Juice,1,504,3.75,92
keg,13,yam,Juice,1,504,3.75,92
keg,14,amaranth,Juice,1,471,3.75,86
keg,15,kale,Juice,1,345,3.75,63
keg,16,strawberry,Wine,1,504,6.25,61
keg,17,beet,Juice,1,315,3.75,57
keg,18,taro-root,Juice,1,315,3.75,57
keg,19,radish,Juice,1,282,3.75,51
keg,20,bok-choy,Juice,1,252,3.75,46
keg,21,potato,Juice,1,252,3.75,46
keg,22,grape,Wine,1,336,6.25,41
keg,23,broccoli,Juice,1,219,3.75,40
keg,24,cactus-fruit,Wine,1,315,6.25,38
keg,25,cranberries,Wine,1,315,6.25,38
keg,26,eggplant,Juice,1,189,3.75,34
keg,27,garlic,Juice,1,189,3.75,34
keg,28,tomato,Juice,1,189,3.75,34
keg,29,powdermelon,Wine,1,252,6.25,31
keg,30,corn,Juice,1,156,3.75,28
keg,31,blueberry,Wine,1,210,6.25,26
keg,32,summer-squash,Juice,1,141,3.75,26
keg,33,green-bean,Juice,1,126,3.75,23
keg,34,carrot,Juice,1,109,3.75,20
keg,35,hot-pepper,Wine,1,168,6.25,20
keg,36,parsnip,Juice,1,109,3.75,20
keg,37,unmilled-rice,Juice,1,93,3.75,17
preserves-jar,1,starfruit,Jelly,1,2170,2.5,568
preserves-jar,2,ancient-fruit,Jelly,1,1610,2.5,424
preserves-jar,3,pumpkin,Pickles,1,966,2.5,258
preserves-jar,4,pineapple,Jelly,1,910,2.5,244
preserves-jar,5,red-cabbage,Pickles,1,798,2.5,215
preserves-jar,6,melon,Jelly,1,770,2.5,208
preserves-jar,7,rhubarb,Jelly,1,686,2.5,186
preserves-jar,8,cauliflower,Pickles,1,560,2.5,154
preserves-jar,9,artichoke,Pickles,1,518,2.5,143
preserves-jar,10,yam,Pickles,1,518,2.5,143
preserves-jar,11,amaranth,Pickles,1,490,2.5,136
preserves-jar,12,strawberry,Jelly,1,406,2.5,114
preserves-jar,13,kale,Pickles,1,378,2.5,107
preserves-jar,14,beet,Pickles,1,350,2.5,100
preserves-jar,15,taro-root,Pickles,1,350,2.5,100
preserves-jar,16,radish,Pickles,1,322,2.5,93
preserves-jar,17,bok-choy,Pickles,1,294,2.5,86
preserves-jar,18,grape,Jelly,1,294,2.5,86
preserves-jar,19,potato,Pickles,1,294,2.5,86
preserves-jar,20,cactus-fruit,Jelly,1,280,2.5,82
preserves-jar,21,cranberries,Jelly,1,280,2.5,82
preserves-jar,22,broccoli,Pickles,1,266,2.5,78
preserves-jar,23,eggplant,Pickles,1,238,2.5,71
preserves-jar,24,garlic,Pickles,1,238,2.5,71
preserves-jar,25,powdermelon,Jelly,1,238,2.5,71
preserves-jar,26,tomato,Pickles,1,238,2.5,71
preserves-jar,27,blueberry,Jelly,1,210,2.5,64
preserves-jar,28,corn,Pickles,1,210,2.5,64
preserves-jar,29,summer-squash,Pickles,1,196,2.5,60
preserves-jar,30,green-bean,Pickles,1,182,2.5,57
preserves-jar,31,hot-pepper,Jelly,1,182,2.5,57
preserves-jar,32,carrot,Pickles,1,168,2.5,53
preserves-jar,33,parsnip,Pickles,1,168,2.5,53
preserves-jar,34,unmilled-rice,Pickles,1,154,2.5,50
preserves-jar,35,hops,Pickles,1,140,2.5,46
preserves-jar,36,wheat,Pickles,1,140,2.5,46
